{"is_source_file": true, "format": "JavaScript (React JSX)", "description": "This file defines a React functional component named SearchBar along with a custom hook useDebouncedValue. The component provides a debounced search input UI with clear functionality, suitable for filtering notes based on title or content.", "external_files": ["react", "react / useEffect", "react / useMemo", "react / useState"], "external_methods": ["window.setTimeout", "window.clearTimeout"], "published": ["SearchBar"], "classes": [], "methods": [{"name": "useDebouncedValue(value, delayMs)", "description": "A custom hook that returns a debounced version of the input value, delaying updates to avoid excessive re-renders.", "scope": "", "scopeKind": ""}, {"name": "SearchBar({ value, onChange, onClear })", "scope": "", "scopeKind": "", "description": "unavailable"}], "calls": ["useEffect", "setDebounced", "window.setTimeout", "window.clearTimeout", "setDraft", "onChange", "onClear"], "search-terms": ["React functional component", "debounced search input", "useDebouncedValue hook", "SearchBar", "search input with clear button", "React useEffect", "React useState", "React useMemo"], "state": 2, "file_id": 15, "knowledge_revision": 39, "git_revision": "e74963860ac6f8d108c4c3d3feb076e29c46918d", "ctags": [{"_type": "tag", "name": "SearchBar", "path": "/home/kavia/workspace/code-generation/minimal-notes-304937-304946/notes_frontend/src/components/SearchBar.js", "pattern": "/^export default function SearchBar({ value, onChange, onClear }) {$/", "language": "JavaScript", "kind": "function", "signature": "({ value, onChange, onClear })"}, {"_type": "tag", "name": "draft", "path": "/home/kavia/workspace/code-generation/minimal-notes-304937-304946/notes_frontend/src/components/SearchBar.js", "pattern": "/^          value={draft}$/", "language": "JavaScript", "kind": "field", "scope": "SearchBar.value", "scopeKind": "class"}, {"_type": "tag", "name": "useDebouncedValue", "path": "/home/kavia/workspace/code-generation/minimal-notes-304937-304946/notes_frontend/src/components/SearchBar.js", "pattern": "/^function useDebouncedValue(value, delayMs) {$/", "language": "JavaScript", "kind": "function", "signature": "(value, delayMs)"}], "hash": "8e9ac3504c22b4791134a1ad0063ae61", "format-version": 4, "code-base-name": "notes_frontend", "filename": "notes_frontend/src/components/SearchBar.js", "fields": [{"name": "value={draft}", "scope": "SearchBar.value", "scopeKind": "class", "description": "unavailable"}], "revision_history": [{"39": "e74963860ac6f8d108c4c3d3feb076e29c46918d"}]}