{"is_source_file": true, "format": "JavaScript (React)", "description": "This file defines a React functional component 'App' that manages a theme (light/dark) toggle feature. It includes state management with 'useState', side effects with 'useEffect' to update the document's data-theme attribute, and renders UI elements such as a toggle button, logo, and links.", "external_files": ["./logo.svg", "./App.css"], "external_methods": ["React.useState", "React.useEffect"], "published": ["App"], "classes": [], "methods": [{"name": "App()", "description": "React functional component that renders theme toggle UI and manages theme state.", "scope": "", "scopeKind": ""}, {"name": "toggleTheme", "description": "Function to toggle between 'light' and 'dark' themes, updating the component state."}], "calls": ["document.documentElement.setAttribute", "setTheme", "prevTheme => prevTheme === 'light' ? 'dark' : 'light'", "React.createElement", "button", "img", "p", "a"], "search-terms": ["React", "theme toggle", "useState", "useEffect", "App.js", "App component", "light dark theme", "React hooks"], "state": 2, "file_id": 5, "knowledge_revision": 24, "git_revision": "450b0b759640afb0b107fadb1eb1c115a24bc6ee", "ctags": [{"_type": "tag", "name": "App", "path": "/home/kavia/workspace/code-generation/minimal-notes-304937-304946/notes_frontend/src/App.js", "pattern": "/^function App() {$/", "language": "JavaScript", "kind": "function", "signature": "()"}, {"_type": "tag", "name": "Switch to ${theme === 'light' ? 'dark' : 'light'} mode", "path": "/home/kavia/workspace/code-generation/minimal-notes-304937-304946/notes_frontend/src/App.js", "pattern": "/^          aria-label={`Switch to ${theme === 'light' ? 'dark' : 'light'} mode`}$/", "language": "JavaScript", "kind": "field", "scope": "App.aria", "scopeKind": "class"}, {"_type": "tag", "name": "toggleTheme", "path": "/home/kavia/workspace/code-generation/minimal-notes-304937-304946/notes_frontend/src/App.js", "pattern": "/^          onClick={toggleTheme}$/", "language": "JavaScript", "kind": "field", "scope": "App.onClick", "scopeKind": "class"}], "hash": "b55dd9e6a018e59207d8e277dffd9e11", "format-version": 4, "code-base-name": "notes_frontend", "filename": "notes_frontend/src/App.js", "fields": [{"name": "aria-label={`Switch to ${theme === 'light' ? 'dark' : 'light'} mode`}", "scope": "App.aria", "scopeKind": "class", "description": "unavailable"}, {"name": "onClick={toggleTheme}", "scope": "App.onClick", "scopeKind": "class", "description": "unavailable"}], "revision_history": [{"24": "450b0b759640afb0b107fadb1eb1c115a24bc6ee"}]}