{"is_source_file": false, "format": "", "description": "", "external_files": [], "external_methods": [], "published": [], "classes": [], "methods": [], "calls": [], "search-terms": [], "state": 2, "file_id": 8, "knowledge_revision": 31, "git_revision": "5966a420e226b147b17deb8c9d5bed6f7af22a63", "revision_history": [{"18": "450b0b759640afb0b107fadb1eb1c115a24bc6ee"}, {"31": "5966a420e226b147b17deb8c9d5bed6f7af22a63"}], "hash": "8152bae3e605cf5fa6f085caf661a145", "format-version": 4, "code-base-name": "notes_frontend", "filename": "notes_frontend/README.md"}