{"is_source_file": false, "format": "", "description": "", "external_files": [], "external_methods": [], "published": [], "classes": [], "methods": [], "calls": [], "search-terms": ["App.css", "CSS variables", "theme management", "dark theme", "responsive design"], "state": 2, "file_id": 3, "knowledge_revision": 15, "git_revision": "450b0b759640afb0b107fadb1eb1c115a24bc6ee", "hash": "22f9e17cc1848b56dbb244518ac2707e", "format-version": 4, "code-base-name": "notes_frontend", "filename": "notes_frontend/src/App.css", "revision_history": [{"15": "450b0b759640afb0b107fadb1eb1c115a24bc6ee"}]}