{"is_source_file": false, "format": "", "description": "", "external_files": [], "external_methods": [], "published": [], "classes": [], "methods": [], "calls": [], "search-terms": [], "state": 2, "file_id": 7, "knowledge_revision": 35, "git_revision": "e74963860ac6f8d108c4c3d3feb076e29c46918d", "hash": "5024ef880ae09037edc4288199e90a52", "format-version": 4, "code-base-name": "notes_frontend", "filename": "notes_frontend/src/index.css", "revision_history": [{"35": "e74963860ac6f8d108c4c3d3feb076e29c46918d"}]}