{"is_source_file": true, "format": "JavaScript", "description": "This file serves as the entry point for a React application, initializing and rendering the root React component into the DOM.", "external_files": ["./App", "./index.css"], "external_methods": ["ReactDOM.createRoot", "root.render"], "published": ["React", "ReactDOM"], "classes": [], "methods": [{"name": "ReactDOM.createRoot", "description": "Creates a root to manage the React component tree in the specified DOM node."}, {"name": "root.render", "description": "Renders the React component subtree into the root."}], "calls": ["ReactDOM.createRoot", "root.render", "document.getElementById", "<React.StrictMode>", "<App />"], "search-terms": ["ReactDOM", "entry point", "React.StrictMode", "render", "src/index.js"], "state": 2, "file_id": 2, "knowledge_revision": 25, "git_revision": "450b0b759640afb0b107fadb1eb1c115a24bc6ee", "ctags": [{"_type": "tag", "name": "root", "path": "/home/kavia/workspace/code-generation/minimal-notes-304937-304946/notes_frontend/src/index.js", "pattern": "/^const root = ReactDOM.createRoot(document.getElementById('root'));$/", "language": "JavaScript", "kind": "constant"}], "hash": "9fc5841375336fc175b49f8767a11383", "format-version": 4, "code-base-name": "notes_frontend", "filename": "notes_frontend/src/index.js", "revision_history": [{"25": "450b0b759640afb0b107fadb1eb1c115a24bc6ee"}]}