{"is_source_file": true, "format": "JavaScript (React JSX)", "description": "This file defines a React functional component 'NoteItem' that displays a note with its title, last updated time, and a preview of its content. It includes utility functions for formatting time and truncating text.", "external_files": ["react"], "external_methods": ["useMemo"], "published": ["NoteItem"], "classes": [], "methods": [{"name": "formatTime(iso)", "description": "Formats an ISO date string into a localized date and time string.", "scope": "", "scopeKind": ""}, {"name": "truncate(str, max)", "description": "Truncates a string to a specified maximum length, appending an ellipsis if truncated.", "scope": "", "scopeKind": ""}, {"name": "NoteItem({ note, isSelected, onSelect })", "scope": "", "scopeKind": "", "description": "unavailable"}], "calls": ["useMemo", "Date.parse", "d.toLocaleString", "onSelect", "e.preventDefault"], "search-terms": ["NoteItem React component", "note preview", "formatTime function", "truncate function", "note selection", "time formatting", "content preview"], "state": 2, "file_id": 17, "knowledge_revision": 41, "git_revision": "e74963860ac6f8d108c4c3d3feb076e29c46918d", "ctags": [{"_type": "tag", "name": "0", "path": "/home/kavia/workspace/code-generation/minimal-notes-304937-304946/notes_frontend/src/components/NoteItem.js", "pattern": "/^      tabIndex={0}$/", "language": "JavaScript", "kind": "field", "scope": "NoteItem.tabIndex", "scopeKind": "class"}, {"_type": "tag", "name": "NoteItem", "path": "/home/kavia/workspace/code-generation/minimal-notes-304937-304946/notes_frontend/src/components/NoteItem.js", "pattern": "/^export default function NoteItem({ note, isSelected, onSelect }) {$/", "language": "JavaScript", "kind": "function", "signature": "({ note, isSelected, onSelect })"}, {"_type": "tag", "name": "formatTime", "path": "/home/kavia/workspace/code-generation/minimal-notes-304937-304946/notes_frontend/src/components/NoteItem.js", "pattern": "/^function formatTime(iso) {$/", "language": "JavaScript", "kind": "function", "signature": "(iso)"}, {"_type": "tag", "name": "isSelected", "path": "/home/kavia/workspace/code-generation/minimal-notes-304937-304946/notes_frontend/src/components/NoteItem.js", "pattern": "/^      aria-selected={isSelected}$/", "language": "JavaScript", "kind": "field", "scope": "NoteItem.aria", "scopeKind": "class"}, {"_type": "tag", "name": "noteItem ${isSelected ? \"noteItem--selected\" : \"\"}", "path": "/home/kavia/workspace/code-generation/minimal-notes-304937-304946/notes_frontend/src/components/NoteItem.js", "pattern": "/^      className={`noteItem ${isSelected ? \"noteItem--selected\" : \"\"}`}$/", "language": "JavaScript", "kind": "field", "scope": "NoteItem.className", "scopeKind": "class"}, {"_type": "tag", "name": "truncate", "path": "/home/kavia/workspace/code-generation/minimal-notes-304937-304946/notes_frontend/src/components/NoteItem.js", "pattern": "/^function truncate(str, max) {$/", "language": "JavaScript", "kind": "function", "signature": "(str, max)"}], "hash": "411b11865dda3e581c4036799d20922d", "format-version": 4, "code-base-name": "notes_frontend", "filename": "notes_frontend/src/components/NoteItem.js", "fields": [{"name": "tabIndex={0}", "scope": "NoteItem.tabIndex", "scopeKind": "class", "description": "unavailable"}, {"name": "aria-selected={isSelected}", "scope": "NoteItem.aria", "scopeKind": "class", "description": "unavailable"}, {"name": "className={`noteItem ${isSelected ? \"noteItem--selected\" : \"\"}`}", "scope": "NoteItem.className", "scopeKind": "class", "description": "unavailable"}], "revision_history": [{"41": "e74963860ac6f8d108c4c3d3feb076e29c46918d"}]}