{"is_source_file": false, "format": "", "description": "", "external_files": [], "external_methods": [], "published": [], "classes": [], "methods": [], "calls": [], "search-terms": ["Notes", "localStorage", "React", "storage", "Notes app", "Note", "localStorage key", "storage helper", "search", "app structure"], "state": 2, "file_id": 8, "knowledge_revision": 37, "git_revision": "e74963860ac6f8d108c4c3d3feb076e29c46918d", "hash": "8152bae3e605cf5fa6f085caf661a145", "format-version": 4, "code-base-name": "notes_frontend", "filename": "notes_frontend/README.md", "revision_history": [{"37": "e74963860ac6f8d108c4c3d3feb076e29c46918d"}]}