{"is_source_file": true, "file_id": 20, "git_revision": "", "state": 1, "description": "", "external_files": [], "external_methods": [], "published": [], "classes": [], "methods": [], "calls": [], "search-terms": [], "ctags": [{"_type": "tag", "name": "THEME_STORAGE_KEY", "path": "/home/kavia/workspace/code-generation/minimal-notes-304937-304946/notes_frontend/src/lib/theme.js", "pattern": "/^const THEME_STORAGE_KEY = \"ui.theme\";$/", "language": "JavaScript", "kind": "constant"}, {"_type": "tag", "name": "applyTheme", "path": "/home/kavia/workspace/code-generation/minimal-notes-304937-304946/notes_frontend/src/lib/theme.js", "pattern": "/^function applyTheme(theme) {$/", "language": "JavaScript", "kind": "function", "signature": "(theme)"}, {"_type": "tag", "name": "detectPreferredTheme", "path": "/home/kavia/workspace/code-generation/minimal-notes-304937-304946/notes_frontend/src/lib/theme.js", "pattern": "/^function detectPreferredTheme() {$/", "language": "JavaScript", "kind": "function", "signature": "()"}, {"_type": "tag", "name": "getInitialTheme", "path": "/home/kavia/workspace/code-generation/minimal-notes-304937-304946/notes_frontend/src/lib/theme.js", "pattern": "/^export function getInitialTheme() {$/", "language": "JavaScript", "kind": "function", "signature": "()"}, {"_type": "tag", "name": "getSavedTheme", "path": "/home/kavia/workspace/code-generation/minimal-notes-304937-304946/notes_frontend/src/lib/theme.js", "pattern": "/^function getSavedTheme() {$/", "language": "JavaScript", "kind": "function", "signature": "()"}, {"_type": "tag", "name": "saveTheme", "path": "/home/kavia/workspace/code-generation/minimal-notes-304937-304946/notes_frontend/src/lib/theme.js", "pattern": "/^function saveTheme(theme) {$/", "language": "JavaScript", "kind": "function", "signature": "(theme)"}, {"_type": "tag", "name": "setTheme", "path": "/home/kavia/workspace/code-generation/minimal-notes-304937-304946/notes_frontend/src/lib/theme.js", "pattern": "/^export function setTheme(theme) {$/", "language": "JavaScript", "kind": "function", "signature": "(theme)"}, {"_type": "tag", "name": "toggleTheme", "path": "/home/kavia/workspace/code-generation/minimal-notes-304937-304946/notes_frontend/src/lib/theme.js", "pattern": "/^export function toggleTheme(currentTheme) {$/", "language": "JavaScript", "kind": "function", "signature": "(currentTheme)"}], "format": "JavaScript", "hash": "4c32af8589702ea71947c24337be8b00", "format-version": 4, "code-base-name": "notes_frontend", "filename": "notes_frontend/src/lib/theme.js", "knowledge_revision": 44}