{"is_source_file": false, "format": "", "description": "", "external_files": [], "external_methods": [], "published": [], "classes": [], "methods": [], "calls": [], "search-terms": ["theme.css", "CSS variables", "light theme", "dark theme", "CSS variables definition", "CSS theme switching", "CSS styling", "CSS for buttons and inputs", "CSS layout", "responsive design"], "state": 2, "file_id": 19, "knowledge_revision": 45, "git_revision": "e74963860ac6f8d108c4c3d3feb076e29c46918d", "hash": "b6656e168c2c5243b5e5f1e7aa1359e4", "format-version": 4, "code-base-name": "notes_frontend", "filename": "notes_frontend/src/styles/theme.css", "revision_history": [{"45": "e74963860ac6f8d108c4c3d3feb076e29c46918d"}]}