{"is_source_file": true, "format": "JavaScript (React JSX)", "description": "This file defines a React functional component called Header, which renders the application's header UI, including theme toggle and new note actions.", "external_files": ["react"], "external_methods": ["React"], "published": [], "classes": [], "methods": [{"name": "Header({ onNewNote, isMobile, theme, onThemeToggle })", "description": "Functional React component rendering the app header with theme toggle and new note button.", "scope": "", "scopeKind": ""}], "calls": ["onThemeToggle", "onNewNote"], "search-terms": ["Header", "React component", "theme toggle", "new note button", "JSX header component"], "state": 2, "file_id": 14, "knowledge_revision": 46, "git_revision": "e74963860ac6f8d108c4c3d3feb076e29c46918d", "revision_history": [{"38": "e74963860ac6f8d108c4c3d3feb076e29c46918d"}, {"46": "e74963860ac6f8d108c4c3d3feb076e29c46918d"}], "ctags": [{"_type": "tag", "name": "Header", "path": "/home/kavia/workspace/code-generation/minimal-notes-304937-304946/notes_frontend/src/components/Header.js", "pattern": "/^export default function Header({ onNewNote, isMobile, theme, onThemeToggle }) {$/", "language": "JavaScript", "kind": "function", "signature": "({ onNewNote, isMobile, theme, onThemeToggle })"}, {"_type": "tag", "name": "Switch to ${theme === \"light\" ? \"dark\" : \"light\"} theme", "path": "/home/kavia/workspace/code-generation/minimal-notes-304937-304946/notes_frontend/src/components/Header.js", "pattern": "/^          aria-label={`Switch to ${theme === \"light\" ? \"dark\" : \"light\"} theme`}$/", "language": "JavaScript", "kind": "field", "scope": "Header.aria", "scopeKind": "class"}, {"_type": "tag", "name": "Switch to ${theme === \"light\" ? \"dark\" : \"light\"} theme", "path": "/home/kavia/workspace/code-generation/minimal-notes-304937-304946/notes_frontend/src/components/Header.js", "pattern": "/^          title={`Switch to ${theme === \"light\" ? \"dark\" : \"light\"} theme`}$/", "language": "JavaScript", "kind": "field", "scope": "Header.title", "scopeKind": "class"}, {"_type": "tag", "name": "onNewNote", "path": "/home/kavia/workspace/code-generation/minimal-notes-304937-304946/notes_frontend/src/components/Header.js", "pattern": "/^          onClick={onNewNote}$/", "language": "JavaScript", "kind": "field", "scope": "Header.onClick", "scopeKind": "class"}, {"_type": "tag", "name": "onThemeToggle", "path": "/home/kavia/workspace/code-generation/minimal-notes-304937-304946/notes_frontend/src/components/Header.js", "pattern": "/^          onClick={onThemeToggle}$/", "language": "JavaScript", "kind": "field", "scope": "Header.onClick", "scopeKind": "class"}], "hash": "a32b91aaef4cd5da4fec559c4750392c", "format-version": 4, "code-base-name": "notes_frontend", "filename": "notes_frontend/src/components/Header.js", "fields": [{"name": "aria-label={`Switch to ${theme === \"light\" ? \"dark\" : \"light\"} theme`}", "scope": "Header.aria", "scopeKind": "class", "description": "unavailable"}, {"name": "title={`Switch to ${theme === \"light\" ? \"dark\" : \"light\"} theme`}", "scope": "Header.title", "scopeKind": "class", "description": "unavailable"}, {"name": "onClick={onNewNote}", "scope": "Header.onClick", "scopeKind": "class", "description": "unavailable"}, {"name": "onClick={onThemeToggle}", "scope": "Header.onClick", "scopeKind": "class", "description": "unavailable"}]}