{"is_source_file": true, "format": "HTML", "description": "This HTML file serves as the main template for a web application's frontend, setting up the document structure, linking stylesheets, fonts, and manifest, and providing a root div for rendering JavaScript components.", "external_files": ["%PUBLIC_URL%/favicon.ico", "%PUBLIC_URL%/logo192.png", "%PUBLIC_URL%/manifest.json", "https://fonts.googleapis.com/css2?family=Inter:wght@400;500;600;700&display=swap"], "external_methods": [], "published": [], "classes": [], "methods": [], "calls": [], "search-terms": ["index.html", "public folder", "HTML template", "root div", "meta tags", "favicon", "manifest", "web fonts", "initial webpage"], "state": 2, "file_id": 11, "knowledge_revision": 20, "git_revision": "450b0b759640afb0b107fadb1eb1c115a24bc6ee", "hash": "d2b40d02d5f7873d8a6713bad837edd4", "format-version": 4, "code-base-name": "notes_frontend", "filename": "notes_frontend/public/index.html", "revision_history": [{"20": "450b0b759640afb0b107fadb1eb1c115a24bc6ee"}]}