{"is_source_file": true, "file_id": 15, "git_revision": "", "state": 1, "description": "", "external_files": [], "external_methods": [], "published": [], "classes": [], "methods": [], "calls": [], "search-terms": [], "ctags": [{"_type": "tag", "name": "SearchBar", "path": "/home/kavia/workspace/code-generation/minimal-notes-304937-304946/notes_frontend/src/components/SearchBar.js", "pattern": "/^export default function SearchBar({ value, onChange, onClear }) {$/", "language": "JavaScript", "kind": "function", "signature": "({ value, onChange, onClear })"}, {"_type": "tag", "name": "draft", "path": "/home/kavia/workspace/code-generation/minimal-notes-304937-304946/notes_frontend/src/components/SearchBar.js", "pattern": "/^          value={draft}$/", "language": "JavaScript", "kind": "field", "scope": "SearchBar.value", "scopeKind": "class"}, {"_type": "tag", "name": "useDebouncedValue", "path": "/home/kavia/workspace/code-generation/minimal-notes-304937-304946/notes_frontend/src/components/SearchBar.js", "pattern": "/^function useDebouncedValue(value, delayMs) {$/", "language": "JavaScript", "kind": "function", "signature": "(value, delayMs)"}], "format": "JavaScript", "hash": "8e9ac3504c22b4791134a1ad0063ae61", "format-version": 4, "code-base-name": "notes_frontend", "filename": "notes_frontend/src/components/SearchBar.js", "knowledge_revision": 28}