{"is_source_file": true, "file_id": 14, "git_revision": "", "state": 1, "description": "", "external_files": [], "external_methods": [], "published": [], "classes": [], "methods": [], "calls": [], "search-terms": [], "ctags": [{"_type": "tag", "name": "Header", "path": "/home/kavia/workspace/code-generation/minimal-notes-304937-304946/notes_frontend/src/components/Header.js", "pattern": "/^export default function Header({ onNewNote, isMobile }) {$/", "language": "JavaScript", "kind": "function", "signature": "({ onNewNote, isMobile })"}, {"_type": "tag", "name": "onNewNote", "path": "/home/kavia/workspace/code-generation/minimal-notes-304937-304946/notes_frontend/src/components/Header.js", "pattern": "/^          onClick={onNewNote}$/", "language": "JavaScript", "kind": "field", "scope": "Header.onClick", "scopeKind": "class"}], "format": "JavaScript", "hash": "e38cb2eaa3d0505a8fb7293a4d6efbb7", "format-version": 4, "code-base-name": "notes_frontend", "filename": "notes_frontend/src/components/Header.js", "knowledge_revision": 27}