{"is_source_file": true, "file_id": 13, "git_revision": "", "state": 3, "description": "", "external_files": [], "external_methods": [], "published": [], "classes": [], "methods": [], "calls": [], "search-terms": [], "ctags": [{"_type": "tag", "name": "STORAGE_KEY", "path": "/home/kavia/workspace/code-generation/minimal-notes-304937-304946/notes_frontend/src/lib/storage.js", "pattern": "/^const STORAGE_KEY = \"notes.app.v1\";$/", "language": "JavaScript", "kind": "constant"}, {"_type": "tag", "name": "content", "path": "/home/kavia/workspace/code-generation/minimal-notes-304937-304946/notes_frontend/src/lib/storage.js", "pattern": "/^    content: typeof noteDraft?.content === \"string\" ? noteDraft.content : \"\",$/", "language": "JavaScript", "kind": "property", "scope": "upsertNote.note", "scopeKind": "class"}, {"_type": "tag", "name": "createdAt", "path": "/home/kavia/workspace/code-generation/minimal-notes-304937-304946/notes_frontend/src/lib/storage.js", "pattern": "/^    createdAt,$/", "language": "JavaScript", "kind": "field", "scope": "upsertNote.note", "scopeKind": "class"}, {"_type": "tag", "name": "cryptoRandomId", "path": "/home/kavia/workspace/code-generation/minimal-notes-304937-304946/notes_frontend/src/lib/storage.js", "pattern": "/^function cryptoRandomId() {$/", "language": "JavaScript", "kind": "function", "signature": "()"}, {"_type": "tag", "name": "deleteNote", "path": "/home/kavia/workspace/code-generation/minimal-notes-304937-304946/notes_frontend/src/lib/storage.js", "pattern": "/^export function deleteNote(notes, id) {$/", "language": "JavaScript", "kind": "function", "signature": "(notes, id)"}, {"_type": "tag", "name": "getNotes", "path": "/home/kavia/workspace/code-generation/minimal-notes-304937-304946/notes_frontend/src/lib/storage.js", "pattern": "/^export function getNotes() {$/", "language": "JavaScript", "kind": "function", "signature": "()"}, {"_type": "tag", "name": "id", "path": "/home/kavia/workspace/code-generation/minimal-notes-304937-304946/notes_frontend/src/lib/storage.js", "pattern": "/^    id: incomingId,$/", "language": "JavaScript", "kind": "property", "scope": "upsertNote.note", "scopeKind": "class"}, {"_type": "tag", "name": "normalizeNote", "path": "/home/kavia/workspace/code-generation/minimal-notes-304937-304946/notes_frontend/src/lib/storage.js", "pattern": "/^function normalizeNote(n) {$/", "language": "JavaScript", "kind": "function", "signature": "(n)"}, {"_type": "tag", "name": "note", "path": "/home/kavia/workspace/code-generation/minimal-notes-304937-304946/notes_frontend/src/lib/storage.js", "pattern": "/^  const note = {$/", "language": "JavaScript", "kind": "class", "scope": "upsertNote", "scopeKind": "class"}, {"_type": "tag", "name": "safeJsonParse", "path": "/home/kavia/workspace/code-generation/minimal-notes-304937-304946/notes_frontend/src/lib/storage.js", "pattern": "/^function safeJsonParse(value) {$/", "language": "JavaScript", "kind": "function", "signature": "(value)"}, {"_type": "tag", "name": "saveNotes", "path": "/home/kavia/workspace/code-generation/minimal-notes-304937-304946/notes_frontend/src/lib/storage.js", "pattern": "/^export function saveNotes(notes) {$/", "language": "JavaScript", "kind": "function", "signature": "(notes)"}, {"_type": "tag", "name": "sortByUpdatedAtDesc", "path": "/home/kavia/workspace/code-generation/minimal-notes-304937-304946/notes_frontend/src/lib/storage.js", "pattern": "/^function sortByUpdatedAtDesc(notes) {$/", "language": "JavaScript", "kind": "function", "signature": "(notes)"}, {"_type": "tag", "name": "title", "path": "/home/kavia/workspace/code-generation/minimal-notes-304937-304946/notes_frontend/src/lib/storage.js", "pattern": "/^    title: typeof noteDraft?.title === \"string\" ? noteDraft.title : \"\",$/", "language": "JavaScript", "kind": "property", "scope": "upsertNote.note", "scopeKind": "class"}, {"_type": "tag", "name": "upsertNote", "path": "/home/kavia/workspace/code-generation/minimal-notes-304937-304946/notes_frontend/src/lib/storage.js", "pattern": "/^export function upsertNote(notes, noteDraft) {$/", "language": "JavaScript", "kind": "function", "signature": "(notes, noteDraft)"}], "format": "JavaScript", "hash": "ddd650a9949e6d086f07944374494046", "format-version": 4, "code-base-name": "notes_frontend", "filename": "notes_frontend/src/lib/storage.js", "knowledge_revision": 26}