{"is_source_file": true, "format": "JavaScript module (.mjs)", "description": "ESLint configuration file configuring linting rules, plugins, parser options, and globals for a JavaScript project, particularly emphasizing React files.", "external_files": ["@eslint/js", "eslint-plugin-react"], "external_methods": ["pluginJs", "pluginReact"], "published": ["default"], "classes": [], "methods": [], "calls": ["pluginJs", "pluginReact", "pluginJs.configs.recommended"], "search-terms": ["eslint", "eslint.config.mjs", "react", "eslint-plugin-react", "parserOptions", "globals", "rules", "module", "JavaScript"], "state": 2, "file_id": 9, "knowledge_revision": 19, "git_revision": "450b0b759640afb0b107fadb1eb1c115a24bc6ee", "hash": "be6538e7523bc2e9da0743133d784136", "format-version": 4, "code-base-name": "notes_frontend", "filename": "notes_frontend/eslint.config.mjs", "revision_history": [{"19": "450b0b759640afb0b107fadb1eb1c115a24bc6ee"}]}