{"is_source_file": true, "format": "JavaScript", "description": "React component 'NoteList' that renders a list of notes with accessibility features, including aria labels and roles. It displays either the list of notes or an empty state message.", "external_files": ["./NoteItem"], "external_methods": [], "published": ["NoteList"], "classes": [], "methods": [{"name": "NoteList({ notes, selectedId, onSelect, emptyState })", "description": "Functional React component that renders a list of notes with accessibility features.", "scope": "", "scopeKind": ""}], "calls": ["React", "NoteItem"], "search-terms": ["React component", "NoteList", "notes array", "accessibility", "aria-label", "aria-describedby", "role listbox", "empty state"], "state": 2, "file_id": 16, "knowledge_revision": 40, "git_revision": "e74963860ac6f8d108c4c3d3feb076e29c46918d", "ctags": [{"_type": "tag", "name": "NoteList", "path": "/home/kavia/workspace/code-generation/minimal-notes-304937-304946/notes_frontend/src/components/NoteList.js", "pattern": "/^export default function NoteList({ notes, selectedId, onSelect, emptyState }) {$/", "language": "JavaScript", "kind": "function", "signature": "({ notes, selectedId, onSelect, emptyState })"}], "hash": "fa0ff33db8d75f7c9eaaf55f66225796", "format-version": 4, "code-base-name": "notes_frontend", "filename": "notes_frontend/src/components/NoteList.js", "revision_history": [{"40": "e74963860ac6f8d108c4c3d3feb076e29c46918d"}]}