{"is_source_file": true, "format": "JavaScript", "description": "This file defines functions for managing notes within a frontend application, including storing, retrieving, normalizing, sorting, and updating notes in localStorage. It includes utility functions, data shape definitions, and public API methods for note operations.", "external_files": ["window.localStorage", "window.crypto", "window.crypto.randomUUID"], "external_methods": ["window.localStorage.getItem", "window.localStorage.setItem", "window.crypto.randomUUID"], "published": ["getNotes", "saveNotes", "upsertNote", "deleteNote"], "classes": [], "methods": [{"name": "safeJsonParse(value)", "description": "Safely parses a JSON string, returning null if parsing fails.", "scope": "", "scopeKind": ""}, {"name": "normalizeNote(n)", "description": "Ensures the note object has the correct shape and minimal fields, sanitizing inputs.", "scope": "", "scopeKind": ""}, {"name": "sortByUpdatedAtDesc(notes)", "description": "Sorts an array of notes in descending order based on 'updatedAt' timestamp.", "scope": "", "scopeKind": ""}, {"name": "getNotes()", "description": "Retrieves and returns all notes from localStorage, normalized and sorted.", "scope": "", "scopeKind": ""}, {"name": "saveNotes(notes)", "description": "Saves a list of notes to localStorage after normalization and sorting.", "scope": "", "scopeKind": ""}, {"name": "upsertNote(notes, noteDraft)", "description": "Inserts a new note or updates an existing one, updating timestamps accordingly.", "scope": "", "scopeKind": ""}, {"name": "deleteNote(notes, id)", "description": "Deletes a note with a given id from the notes list.", "scope": "", "scopeKind": ""}, {"name": "cryptoRandomId()", "description": "Generates a unique id using crypto.randomUUID() when available, or falls back to a custom id.", "scope": "", "scopeKind": ""}], "calls": ["window.localStorage.getItem", "window.localStorage.setItem", "console.error", "JSON.parse", "Array.prototype.map", "Array.prototype.filter", "Array.prototype.sort", "Date.parse", "cryptoRandomId"], "search-terms": ["localStorage notes", "note normalization", "sorting notes by updatedAt", "upsert note", "delete note", "storage key notes.app.v1", "note shape"], "state": 2, "file_id": 13, "knowledge_revision": 29, "git_revision": "", "ctags": [{"_type": "tag", "name": "STORAGE_KEY", "path": "/home/kavia/workspace/code-generation/minimal-notes-304937-304946/notes_frontend/src/lib/storage.js", "pattern": "/^const STORAGE_KEY = \"notes.app.v1\";$/", "language": "JavaScript", "kind": "constant"}, {"_type": "tag", "name": "content", "path": "/home/kavia/workspace/code-generation/minimal-notes-304937-304946/notes_frontend/src/lib/storage.js", "pattern": "/^    content: typeof noteDraft?.content === \"string\" ? noteDraft.content : \"\",$/", "language": "JavaScript", "kind": "property", "scope": "upsertNote.note", "scopeKind": "class"}, {"_type": "tag", "name": "createdAt", "path": "/home/kavia/workspace/code-generation/minimal-notes-304937-304946/notes_frontend/src/lib/storage.js", "pattern": "/^    createdAt,$/", "language": "JavaScript", "kind": "field", "scope": "upsertNote.note", "scopeKind": "class"}, {"_type": "tag", "name": "cryptoRandomId", "path": "/home/kavia/workspace/code-generation/minimal-notes-304937-304946/notes_frontend/src/lib/storage.js", "pattern": "/^function cryptoRandomId() {$/", "language": "JavaScript", "kind": "function", "signature": "()"}, {"_type": "tag", "name": "deleteNote", "path": "/home/kavia/workspace/code-generation/minimal-notes-304937-304946/notes_frontend/src/lib/storage.js", "pattern": "/^export function deleteNote(notes, id) {$/", "language": "JavaScript", "kind": "function", "signature": "(notes, id)"}, {"_type": "tag", "name": "getNotes", "path": "/home/kavia/workspace/code-generation/minimal-notes-304937-304946/notes_frontend/src/lib/storage.js", "pattern": "/^export function getNotes() {$/", "language": "JavaScript", "kind": "function", "signature": "()"}, {"_type": "tag", "name": "id", "path": "/home/kavia/workspace/code-generation/minimal-notes-304937-304946/notes_frontend/src/lib/storage.js", "pattern": "/^    id: incomingId,$/", "language": "JavaScript", "kind": "property", "scope": "upsertNote.note", "scopeKind": "class"}, {"_type": "tag", "name": "normalizeNote", "path": "/home/kavia/workspace/code-generation/minimal-notes-304937-304946/notes_frontend/src/lib/storage.js", "pattern": "/^function normalizeNote(n) {$/", "language": "JavaScript", "kind": "function", "signature": "(n)"}, {"_type": "tag", "name": "note", "path": "/home/kavia/workspace/code-generation/minimal-notes-304937-304946/notes_frontend/src/lib/storage.js", "pattern": "/^  const note = {$/", "language": "JavaScript", "kind": "class", "scope": "upsertNote", "scopeKind": "class"}, {"_type": "tag", "name": "safeJsonParse", "path": "/home/kavia/workspace/code-generation/minimal-notes-304937-304946/notes_frontend/src/lib/storage.js", "pattern": "/^function safeJsonParse(value) {$/", "language": "JavaScript", "kind": "function", "signature": "(value)"}, {"_type": "tag", "name": "saveNotes", "path": "/home/kavia/workspace/code-generation/minimal-notes-304937-304946/notes_frontend/src/lib/storage.js", "pattern": "/^export function saveNotes(notes) {$/", "language": "JavaScript", "kind": "function", "signature": "(notes)"}, {"_type": "tag", "name": "sortByUpdatedAtDesc", "path": "/home/kavia/workspace/code-generation/minimal-notes-304937-304946/notes_frontend/src/lib/storage.js", "pattern": "/^function sortByUpdatedAtDesc(notes) {$/", "language": "JavaScript", "kind": "function", "signature": "(notes)"}, {"_type": "tag", "name": "title", "path": "/home/kavia/workspace/code-generation/minimal-notes-304937-304946/notes_frontend/src/lib/storage.js", "pattern": "/^    title: typeof noteDraft?.title === \"string\" ? noteDraft.title : \"\",$/", "language": "JavaScript", "kind": "property", "scope": "upsertNote.note", "scopeKind": "class"}, {"_type": "tag", "name": "upsertNote", "path": "/home/kavia/workspace/code-generation/minimal-notes-304937-304946/notes_frontend/src/lib/storage.js", "pattern": "/^export function upsertNote(notes, noteDraft) {$/", "language": "JavaScript", "kind": "function", "signature": "(notes, noteDraft)"}], "hash": "ddd650a9949e6d086f07944374494046", "format-version": 4, "code-base-name": "notes_frontend", "filename": "notes_frontend/src/lib/storage.js", "fields": [{"name": "content: typeof noteDraft?.content === \"string\" ? noteDraft.content : \"\",", "scope": "upsertNote.note", "scopeKind": "class", "description": "unavailable"}, {"name": "createdAt,", "scope": "upsertNote.note", "scopeKind": "class", "description": "unavailable"}, {"name": "id: incomingId,", "scope": "upsertNote.note", "scopeKind": "class", "description": "unavailable"}, {"name": "title: typeof noteDraft?.title === \"string\" ? noteDraft.title : \"\",", "scope": "upsertNote.note", "scopeKind": "class", "description": "unavailable"}], "revision_history": [{"29": ""}]}