{"is_source_file": false, "format": "", "description": "", "external_files": [], "external_methods": [], "published": [], "classes": [], "methods": [], "calls": [], "search-terms": [], "state": 2, "file_id": 19, "knowledge_revision": 29, "git_revision": "5966a420e226b147b17deb8c9d5bed6f7af22a63", "revision_history": [{"45": "e74963860ac6f8d108c4c3d3feb076e29c46918d"}, {"29": "5966a420e226b147b17deb8c9d5bed6f7af22a63"}], "hash": "46d64c01464e2cf84977c953a956ce85", "format-version": 4, "code-base-name": "notes_frontend", "filename": "notes_frontend/src/styles/theme.css"}