{"is_source_file": true, "format": "JavaScript (React)", "description": "This is the main source code file for the frontend of a note-taking web application built with React. It contains the main App component, manages state, handles user interactions such as creating, editing, deleting, and searching notes, and composes subcomponents like Header, SearchBar, NoteList, and Editor.", "external_files": ["./components/Header", "./components/SearchBar", "./components/NoteList", "./components/Editor", "./lib/storage"], "external_methods": ["getNotes", "saveNotes", "deleteNote", "upsertNote"], "published": ["App"], "classes": [], "methods": [{"name": "normalizeQuery(q)", "description": "Normalizes the search query string by trimming and converting to lowercase.", "scope": "", "scopeKind": ""}, {"name": "matchesQuery(n, q)", "description": "Checks if a note matches the search query based on title or content.", "scope": "", "scopeKind": ""}, {"name": "useIsMobile()", "description": "Custom React hook that detects if the viewport width is at most 900px for responsive layout adjustments.", "scope": "", "scopeKind": ""}, {"name": "handleSelect", "description": "Handles selecting a different note, prompting if there are unsaved changes."}, {"name": "handleNew", "description": "Creates a new note, prompting to discard unsaved changes if any."}, {"name": "handleSave", "description": "Saves the current draft note and updates the notes list."}, {"name": "handleDelete", "description": "Deletes a note after user confirmation."}, {"name": "App()", "scope": "", "scopeKind": "", "description": "unavailable"}], "calls": ["saveNotes(notes)", "getNotes()", "deleteNote(notes, id)", "upsertNote(notes, draft)"], "search-terms": ["React App Main", "state management", "notes handling", "localStorage", "search filtering", "note editing", "NoteList", "Editor", "storage functions", "useEffect hook"], "state": 2, "file_id": 5, "knowledge_revision": 33, "git_revision": "5966a420e226b147b17deb8c9d5bed6f7af22a63", "revision_history": [{"24": "450b0b759640afb0b107fadb1eb1c115a24bc6ee"}, {"33": "5966a420e226b147b17deb8c9d5bed6f7af22a63"}], "ctags": [{"_type": "tag", "name": "0", "path": "/home/kavia/workspace/code-generation/minimal-notes-304937-304946/notes_frontend/src/App.js", "pattern": "/^            autoSaveMs={0}$/", "language": "JavaScript", "kind": "field", "scope": "App.autoSaveMs", "scopeKind": "class"}, {"_type": "tag", "name": "App", "path": "/home/kavia/workspace/code-generation/minimal-notes-304937-304946/notes_frontend/src/App.js", "pattern": "/^export default function App() {$/", "language": "JavaScript", "kind": "function", "signature": "()"}, {"_type": "tag", "name": "filteredNotes", "path": "/home/kavia/workspace/code-generation/minimal-notes-304937-304946/notes_frontend/src/App.js", "pattern": "/^            notes={filteredNotes}$/", "language": "JavaScript", "kind": "field", "scope": "App.notes", "scopeKind": "class"}, {"_type": "tag", "name": "handleDelete", "path": "/home/kavia/workspace/code-generation/minimal-notes-304937-304946/notes_frontend/src/App.js", "pattern": "/^            onDelete={handleDelete}$/", "language": "JavaScript", "kind": "field", "scope": "App.onDelete", "scopeKind": "class"}, {"_type": "tag", "name": "handleSave", "path": "/home/kavia/workspace/code-generation/minimal-notes-304937-304946/notes_frontend/src/App.js", "pattern": "/^            onSave={handleSave}$/", "language": "JavaScript", "kind": "field", "scope": "App.onSave", "scopeKind": "class"}, {"_type": "tag", "name": "handleSelect", "path": "/home/kavia/workspace/code-generation/minimal-notes-304937-304946/notes_frontend/src/App.js", "pattern": "/^            onSelect={handleSelect}$/", "language": "JavaScript", "kind": "field", "scope": "App.onSelect", "scopeKind": "class"}, {"_type": "tag", "name": "listEmptyState", "path": "/home/kavia/workspace/code-generation/minimal-notes-304937-304946/notes_frontend/src/App.js", "pattern": "/^            emptyState={listEmptyState}$/", "language": "JavaScript", "kind": "field", "scope": "App.emptyState", "scopeKind": "class"}, {"_type": "tag", "name": "matchesQuery", "path": "/home/kavia/workspace/code-generation/minimal-notes-304937-304946/notes_frontend/src/App.js", "pattern": "/^function matchesQuery(n, q) {$/", "language": "JavaScript", "kind": "function", "signature": "(n, q)"}, {"_type": "tag", "name": "mode", "path": "/home/kavia/workspace/code-generation/minimal-notes-304937-304946/notes_frontend/src/App.js", "pattern": "/^            mode={mode}$/", "language": "JavaScript", "kind": "field", "scope": "App.mode", "scopeKind": "class"}, {"_type": "tag", "name": "mode", "path": "/home/kavia/workspace/code-generation/minimal-notes-304937-304946/notes_frontend/src/App.js", "pattern": "/^            note={mode === \"edit\" ? selectedNote : null}$/", "language": "JavaScript", "kind": "property", "scope": "App.note", "scopeKind": "class"}, {"_type": "tag", "name": "normalizeQuery", "path": "/home/kavia/workspace/code-generation/minimal-notes-304937-304946/notes_frontend/src/App.js", "pattern": "/^function normalizeQuery(q) {$/", "language": "JavaScript", "kind": "function", "signature": "(q)"}, {"_type": "tag", "name": "note", "path": "/home/kavia/workspace/code-generation/minimal-notes-304937-304946/notes_frontend/src/App.js", "pattern": "/^            note={mode === \"edit\" ? selectedNote : null}$/", "language": "JavaScript", "kind": "class", "scope": "App", "scopeKind": "class"}, {"_type": "tag", "name": "search", "path": "/home/kavia/workspace/code-generation/minimal-notes-304937-304946/notes_frontend/src/App.js", "pattern": "/^              value={search}$/", "language": "JavaScript", "kind": "field", "scope": "App.value", "scopeKind": "class"}, {"_type": "tag", "name": "selectedId", "path": "/home/kavia/workspace/code-generation/minimal-notes-304937-304946/notes_frontend/src/App.js", "pattern": "/^            selectedId={selectedId}$/", "language": "JavaScript", "kind": "field", "scope": "App.selectedId", "scopeKind": "class"}, {"_type": "tag", "name": "setEditorDirty", "path": "/home/kavia/workspace/code-generation/minimal-notes-304937-304946/notes_frontend/src/App.js", "pattern": "/^            onDirtyChange={setEditorDirty}$/", "language": "JavaScript", "kind": "field", "scope": "App.onDirtyChange", "scopeKind": "class"}, {"_type": "tag", "name": "setSearch", "path": "/home/kavia/workspace/code-generation/minimal-notes-304937-304946/notes_frontend/src/App.js", "pattern": "/^              onChange={setSearch}$/", "language": "JavaScript", "kind": "field", "scope": "App.onChange", "scopeKind": "class"}, {"_type": "tag", "name": "useIsMobile", "path": "/home/kavia/workspace/code-generation/minimal-notes-304937-304946/notes_frontend/src/App.js", "pattern": "/^function useIsMobile() {$/", "language": "JavaScript", "kind": "function", "signature": "()"}], "hash": "9cf28183138891fb4c32a8156db7ec2b", "format-version": 4, "code-base-name": "notes_frontend", "filename": "notes_frontend/src/App.js", "fields": [{"name": "autoSaveMs={0}", "scope": "App.autoSaveMs", "scopeKind": "class", "description": "unavailable"}, {"name": "notes={filteredNotes}", "scope": "App.notes", "scopeKind": "class", "description": "unavailable"}, {"name": "onDelete={handleDelete}", "scope": "App.onDelete", "scopeKind": "class", "description": "unavailable"}, {"name": "onSave={handleSave}", "scope": "App.onSave", "scopeKind": "class", "description": "unavailable"}, {"name": "onSelect={handleSelect}", "scope": "App.onSelect", "scopeKind": "class", "description": "unavailable"}, {"name": "emptyState={listEmptyState}", "scope": "App.emptyState", "scopeKind": "class", "description": "unavailable"}, {"name": "mode={mode}", "scope": "App.mode", "scopeKind": "class", "description": "unavailable"}, {"name": "note={mode === \"edit\" ? selectedNote : null}", "scope": "App.note", "scopeKind": "class", "description": "unavailable"}, {"name": "value={search}", "scope": "App.value", "scopeKind": "class", "description": "unavailable"}, {"name": "selectedId={selectedId}", "scope": "App.selectedId", "scopeKind": "class", "description": "unavailable"}, {"name": "onDirtyChange={setEditorDirty}", "scope": "App.onDirtyChange", "scopeKind": "class", "description": "unavailable"}, {"name": "onChange={setSearch}", "scope": "App.onChange", "scopeKind": "class", "description": "unavailable"}]}