{"is_source_file": true, "format": "JavaScript", "description": "A React component named Editor for adding and editing notes, incorporating features like autosave, keyboard shortcuts, and display of note metadata.", "external_files": ["react", "react/hooks"], "external_methods": ["React.useEffect", "React.useMemo", "React.useRef", "React.useState"], "published": ["default"], "classes": [], "methods": [{"name": "toDraft(note)", "description": "Converts a note object into a draft object with title and content, handling missing or invalid values.", "scope": "", "scopeKind": ""}, {"name": "Editor({ mode, note, onSave, onDelete, onDirtyChange, autoSaveMs = 0, })", "description": "Main React functional component for editing notes, with internal state management and effects for autosave, keyboard shortcuts, and UI updates.", "scope": "", "scopeKind": ""}], "calls": ["useMemo", "useState", "useRef", "useEffect", "toDraft", "new Date", "window.setInterval", "window.clearInterval", "window.addEventListener", "window.removeEventListener"], "search-terms": ["React Editor component", "note editing", "autosave React", "keyboard shortcuts", "useEffect", "useRef", "useState", "note management"], "state": 2, "file_id": 18, "knowledge_revision": 42, "git_revision": "e74963860ac6f8d108c4c3d3feb076e29c46918d", "ctags": [{"_type": "tag", "name": "Editor", "path": "/home/kavia/workspace/code-generation/minimal-notes-304937-304946/notes_frontend/src/components/Editor.js", "pattern": "/^export default function Editor({$/", "language": "JavaScript", "kind": "function", "signature": "({ mode, note, onSave, onDelete, onDirtyChange, autoSaveMs = 0, })"}, {"_type": "tag", "name": "content", "path": "/home/kavia/workspace/code-generation/minimal-notes-304937-304946/notes_frontend/src/components/Editor.js", "pattern": "/^            value={content}$/", "language": "JavaScript", "kind": "field", "scope": "Editor.value", "scopeKind": "class"}, {"_type": "tag", "name": "doDelete", "path": "/home/kavia/workspace/code-generation/minimal-notes-304937-304946/notes_frontend/src/components/Editor.js", "pattern": "/^            onClick={doDelete}$/", "language": "JavaScript", "kind": "field", "scope": "Editor.onClick", "scopeKind": "class"}, {"_type": "tag", "name": "doSave", "path": "/home/kavia/workspace/code-generation/minimal-notes-304937-304946/notes_frontend/src/components/Editor.js", "pattern": "/^            onClick={doSave}$/", "language": "JavaScript", "kind": "field", "scope": "Editor.onClick", "scopeKind": "class"}, {"_type": "tag", "name": "isDisabled", "path": "/home/kavia/workspace/code-generation/minimal-notes-304937-304946/notes_frontend/src/components/Editor.js", "pattern": "/^            aria-disabled={isDisabled}$/", "language": "JavaScript", "kind": "field", "scope": "Editor.aria", "scopeKind": "class"}, {"_type": "tag", "name": "isDisabled", "path": "/home/kavia/workspace/code-generation/minimal-notes-304937-304946/notes_frontend/src/components/Editor.js", "pattern": "/^            disabled={isDisabled}$/", "language": "JavaScript", "kind": "field", "scope": "Editor.disabled", "scopeKind": "class"}, {"_type": "tag", "name": "title", "path": "/home/kavia/workspace/code-generation/minimal-notes-304937-304946/notes_frontend/src/components/Editor.js", "pattern": "/^            value={title}$/", "language": "JavaScript", "kind": "field", "scope": "Editor.value", "scopeKind": "class"}, {"_type": "tag", "name": "titleRef", "path": "/home/kavia/workspace/code-generation/minimal-notes-304937-304946/notes_frontend/src/components/Editor.js", "pattern": "/^            ref={titleRef}$/", "language": "JavaScript", "kind": "field", "scope": "Editor.ref", "scopeKind": "class"}, {"_type": "tag", "name": "toDraft", "path": "/home/kavia/workspace/code-generation/minimal-notes-304937-304946/notes_frontend/src/components/Editor.js", "pattern": "/^function toDraft(note) {$/", "language": "JavaScript", "kind": "function", "signature": "(note)"}], "hash": "f4220f90033ef2cac596cc9a9d974320", "format-version": 4, "code-base-name": "notes_frontend", "filename": "notes_frontend/src/components/Editor.js", "fields": [{"name": "value={content}", "scope": "Editor.value", "scopeKind": "class", "description": "unavailable"}, {"name": "onClick={doDelete}", "scope": "Editor.onClick", "scopeKind": "class", "description": "unavailable"}, {"name": "onClick={doSave}", "scope": "Editor.onClick", "scopeKind": "class", "description": "unavailable"}, {"name": "aria-disabled={isDisabled}", "scope": "Editor.aria", "scopeKind": "class", "description": "unavailable"}, {"name": "disabled={isDisabled}", "scope": "Editor.disabled", "scopeKind": "class", "description": "unavailable"}, {"name": "value={title}", "scope": "Editor.value", "scopeKind": "class", "description": "unavailable"}, {"name": "ref={titleRef}", "scope": "Editor.ref", "scopeKind": "class", "description": "unavailable"}], "revision_history": [{"42": "e74963860ac6f8d108c4c3d3feb076e29c46918d"}]}